<?xml version="1.0" encoding="utf-8"?>
<xmlStore version="1.0">
  <schema datanodename="record">
    <field name="entity" title="Entity" />
    <field name="username" title="Username" />
    <field name="password" title="Password" />
    <field name="url" title="URL" />
    <field name="contact" title="Contact" />
    <field name="phone" title="Phone" />
  </schema>
	<record entity="bank" username="victorbox" password="Sony1234" url="www.xyz.com" contact="john doe" phone="123-456-7890" />
	<record entity="city" username="victorboz" password="2MuchTax" url="www.city.gov" contact="Jane Doe" phone="890-456-1234" />
	<record entity="CodeProject" username="victorbos" password="goodguys" url="www.CodeProject.com" contact="-" phone="-" />
</xmlStore>