﻿<?xml version="1.0" encoding="utf-8"?>
<xmlStore version="1.0">
  <schema datanodename="song">
    <field name="ReleaseDate" title="Release Date" />
    <field name="Track" title="Track" />
    <field name="Title" title="Title" />
    <field name="Artist" title="Artist" />
    <field name="Album" title="Album" />
  </schema>
  <song ReleaseDate="11/22/1968" Track="29" Title="QPNnPS5LyWJr5yKznhrdLWjVKg/U7dBSCdyX4ciVkscWl1LdeeldZi10JX0YAyLOVkBrFL29cKTQ+HOWOdT6EA==                                       p4fvHwmyrKYQgzPIPWA+kCkrtJuzmrDkEDTTyvc9UbE=                                                                                   04/q03cmShQbRnKqTNpzdgJbXzXnh0UFuLROakmsay3+s=" Artist="Beatles" Album="The Beatles [White Album]" />
  <song ReleaseDate="1960" Track="6" Title="3OqYWX6XnLnxAteriUl+o+irZoH/F8ntStIjeCyhoKYywZLYCJp/Lm/t8nkJ8atU2oGgR3qs9PRen7e9EGLclg==                                       xfD+IqCaNeBdAlCBBJxPVr0N5NhQFCZz8KDLM2oPwKE=                                                                                   04qD4XE6dqiOEPv8WuW/jpMBNIivoNAJlb3QvuDFe2+MY=" Artist="Frank Sinatra" Album="Nice 'N' Easy" />
  <song ReleaseDate="11/11/1971" Track="1" Title="qGFmPyw33Dm7h6lqKKo3EFmg2faqeQ5gXCQF3FzpxgMAfwFpKPpucT+rnGMv/4paIXYi61WTFykUfjKx9Kp+gQ==                                       Vzr73ESat7GIXKZTmo2kpbMt3v/PEoodxulcOmof3RY=                                                                                   04a74f3mfQ5xSrMoAWITIXv6oSiuItSWVICgTykIOpFIs=" Artist="Pink Floyd" Album="Meddle" />
  <song ReleaseDate="1988" Track="7" Title="8smheo2Vm1E8I07idsN53Cufwi8+31+gZe+pO2lhCmheT6q/uaSZ8hwGjdryGx44DCLRlqBWyJqEP6yqX9XDwQ==                                       fkG45klgTTSZjW6LZAf6uCY/qse+OCRPHk2nlMuOaHM=                                                                                   04z2zyPviBhASeEgJMKYgm8VmvVl76sr3OXUi2lm3phvI=" Artist="Pixies" Album="Surfer Rosa" />
  <song ReleaseDate="5/1981" Track="9" Title="51kkDtXDXLgCEwccrmDRi35sA0wDs0BkRDj9DHRRjqy6iLKV9fZzxVHyosbBt6WGZD1LsQadKkOzegw3MPGRDg==                                       LvJqfmqI9aeQOQXGKuWSHnLMycFbGD2BVaHlDCC1M8s=                                                                                   04a5PDljIrVjhG4QTQKPyfEtJOl4F+KJ/ucAGIAQIcYCo=" Artist="Cramps" Album="Psychedelic Jungle" />
  <song ReleaseDate="6/10/2003" Track="13" Title="NPfms3gyQu8ujudO0YIotQIxHm8FDuOCsvgG5r42vS1xSxc+yXTSsnSTzrJ2YyVA/CSTYEZJmlX1WPoTJHEgfw==                                       Cv8KltpxSOYv6uFr0jkR+X0djUwMvspOcxZL5leaTLc=                                                                                   04DSvH20rtLHrQ7d1G70CY84kZEu/Yf+7e7444wPKmkyUFzNSV60W4DqKiHZQWXqhSNud/KcPHDAat4e8jt7R2wg==" Artist="Radiohead" Album="Hail to the Thief" />
  <song ReleaseDate="6/30/1992" Track="3" Title="r8L2UZM+72Ztu5GeQ1o/vw6qrvmKyyDVZm/kdEllNRF/RJYGkYYSQQPxkYaiPiX4LKCxxFabObk19eVYs3+OUQ==                                       g89rR05C707wATuB1+RSs86tp/o9TyeofDm2dP4E7Gc=                                                                                   04u883BzJV0rN752SYHpNlrUCG8yP86axAiEAedeJSRks=" Artist="P J Harvey" Album="Dry" />
</xmlStore>